product,online_no_discount,online_with_discount,offline_no_discount,offline_with_discount,online_effect,offline_effect,effect_difference,online_effect_pct,offline_effect_pct
ASICS Model-100,2.0,10.0,1.0,7.0,8.0,6.0,2.0,233.33333333333334,250.0
ASICS Model-104,1.0,4.0,4.0,3.0,3.0,-1.0,4.0,100.0,-40.0
ASICS Model-124,2.0,3.0,4.0,3.0,1.0,-1.0,2.0,0.0,-40.0
ASICS Model-130,3.0,7.0,2.0,6.0,4.0,4.0,0.0,75.0,100.0
ASICS Model-132,2.0,1.0,4.0,3.0,-1.0,-1.0,0.0,-66.66666666666667,-40.0
ASICS Model-145,4.0,1.0,2.0,3.0,-3.0,1.0,-4.0,-80.0,0.0
ASICS Model-160,3.0,5.0,4.0,1.0,2.0,-3.0,5.0,25.0,-80.0
ASICS Model-163,1.0,5.0,2.0,10.0,4.0,8.0,-4.0,150.0,233.33333333333334
ASICS Model-182,8.0,10.0,1.0,9.0,2.0,8.0,-6.0,11.111111111111116,350.0
ASICS Model-190,1.0,4.0,1.0,2.0,3.0,1.0,2.0,100.0,0.0
ASICS Model-204,1.0,7.0,1.0,9.0,6.0,8.0,-2.0,250.0,350.0
ASICS Model-207,5.0,3.0,1.0,10.0,-2.0,9.0,-11.0,-50.0,400.0
ASICS Model-214,2.0,6.0,3.0,8.0,4.0,5.0,-1.0,100.0,100.0
ASICS Model-230,3.0,2.0,3.0,10.0,-1.0,7.0,-8.0,-50.0,150.0
ASICS Model-236,3.0,2.0,5.0,5.0,-1.0,0.0,-1.0,-50.0,-16.666666666666664
ASICS Model-237,2.0,2.0,4.0,7.0,0.0,3.0,-3.0,-33.333333333333336,39.99999999999999
ASICS Model-242,1.0,9.0,4.0,6.0,8.0,2.0,6.0,350.0,19.999999999999996
ASICS Model-245,4.0,4.0,1.0,4.0,0.0,3.0,-3.0,-19.999999999999996,100.0
ASICS Model-246,2.0,11.0,6.0,6.0,9.0,0.0,9.0,266.66666666666663,-14.28571428571429
ASICS Model-251,5.0,6.0,1.0,5.0,1.0,4.0,-3.0,0.0,150.0
ASICS Model-252,3.0,9.0,2.0,5.0,6.0,3.0,3.0,125.0,66.66666666666667
ASICS Model-260,2.0,13.0,3.0,3.0,11.0,0.0,11.0,333.3333333333333,-25.0
ASICS Model-296,6.0,12.0,2.0,3.0,6.0,1.0,5.0,71.42857142857142,0.0
ASICS Model-298,4.0,7.0,5.0,4.0,3.0,-1.0,4.0,39.99999999999999,-33.333333333333336
ASICS Model-301,1.0,5.0,5.0,7.0,4.0,2.0,2.0,150.0,16.666666666666675
ASICS Model-305,2.0,5.0,1.0,2.0,3.0,1.0,2.0,66.66666666666667,0.0
ASICS Model-307,4.0,4.0,3.0,21.0,0.0,18.0,-18.0,-19.999999999999996,425.0
ASICS Model-312,1.0,8.0,4.0,25.0,7.0,21.0,-14.0,300.0,400.0
ASICS Model-319,1.0,10.0,1.0,7.0,9.0,6.0,3.0,400.0,250.0
ASICS Model-323,1.0,3.0,1.0,14.0,2.0,13.0,-11.0,50.0,600.0
ASICS Model-324,3.0,12.0,1.0,10.0,9.0,9.0,0.0,200.0,400.0
ASICS Model-343,1.0,4.0,2.0,10.0,3.0,8.0,-5.0,100.0,233.33333333333334
ASICS Model-354,1.0,13.0,4.0,1.0,12.0,-3.0,15.0,550.0,-80.0
ASICS Model-359,1.0,1.0,4.0,4.0,0.0,0.0,0.0,-50.0,-19.999999999999996
ASICS Model-364,5.0,4.0,4.0,5.0,-1.0,1.0,-2.0,-33.333333333333336,0.0
ASICS Model-367,4.0,7.0,3.0,4.0,3.0,1.0,2.0,39.99999999999999,0.0
ASICS Model-386,4.0,7.0,2.0,4.0,3.0,2.0,1.0,39.99999999999999,33.33333333333333
ASICS Model-393,3.0,6.0,8.0,7.0,3.0,-1.0,4.0,50.0,-22.22222222222222
ASICS Model-396,2.0,2.0,4.0,16.0,0.0,12.0,-12.0,-33.333333333333336,220.00000000000003
ASICS Model-397,3.0,2.0,4.0,3.0,-1.0,-1.0,0.0,-50.0,-40.0
ASICS Model-400,2.0,8.0,1.0,20.0,6.0,19.0,-13.0,166.66666666666666,900.0
ASICS Model-411,3.0,5.0,4.0,1.0,2.0,-3.0,5.0,25.0,-80.0
ASICS Model-421,2.0,11.0,2.0,13.0,9.0,11.0,-2.0,266.66666666666663,333.3333333333333
ASICS Model-428,1.0,2.0,3.0,6.0,1.0,3.0,-2.0,0.0,50.0
ASICS Model-451,4.0,4.0,4.0,1.0,0.0,-3.0,3.0,-19.999999999999996,-80.0
ASICS Model-455,3.0,13.0,7.0,2.0,10.0,-5.0,15.0,225.0,-75.0
ASICS Model-466,3.0,4.0,4.0,8.0,1.0,4.0,-3.0,0.0,60.00000000000001
ASICS Model-472,2.0,6.0,5.0,5.0,4.0,0.0,4.0,100.0,-16.666666666666664
ASICS Model-480,2.0,18.0,4.0,6.0,16.0,2.0,14.0,500.0,19.999999999999996
ASICS Model-484,2.0,5.0,4.0,1.0,3.0,-3.0,6.0,66.66666666666667,-80.0
ASICS Model-485,2.0,6.0,4.0,8.0,4.0,4.0,0.0,100.0,60.00000000000001
ASICS Model-510,3.0,4.0,2.0,1.0,1.0,-1.0,2.0,0.0,-66.66666666666667
ASICS Model-538,4.0,2.0,1.0,1.0,-2.0,0.0,-2.0,-60.0,-50.0
ASICS Model-557,2.0,15.0,4.0,3.0,13.0,-1.0,14.0,400.0,-40.0
ASICS Model-562,7.0,7.0,3.0,12.0,0.0,9.0,-9.0,-12.5,200.0
ASICS Model-579,4.0,8.0,3.0,4.0,4.0,1.0,3.0,60.00000000000001,0.0
ASICS Model-580,2.0,11.0,7.0,2.0,9.0,-5.0,14.0,266.66666666666663,-75.0
ASICS Model-581,2.0,3.0,1.0,13.0,1.0,12.0,-11.0,0.0,550.0
ASICS Model-582,3.0,4.0,3.0,11.0,1.0,8.0,-7.0,0.0,175.0
ASICS Model-592,7.0,1.0,2.0,2.0,-6.0,0.0,-6.0,-87.5,-33.333333333333336
ASICS Model-596,1.0,5.0,3.0,7.0,4.0,4.0,0.0,150.0,75.0
ASICS Model-598,2.0,3.0,4.0,3.0,1.0,-1.0,2.0,0.0,-40.0
ASICS Model-607,4.0,11.0,3.0,9.0,7.0,6.0,1.0,120.00000000000001,125.0
ASICS Model-608,3.0,2.0,2.0,5.0,-1.0,3.0,-4.0,-50.0,66.66666666666667
ASICS Model-613,2.0,5.0,11.0,4.0,3.0,-7.0,10.0,66.66666666666667,-66.66666666666667
ASICS Model-614,1.0,1.0,2.0,5.0,0.0,3.0,-3.0,-50.0,66.66666666666667
ASICS Model-632,3.0,2.0,3.0,7.0,-1.0,4.0,-5.0,-50.0,75.0
ASICS Model-633,2.0,4.0,2.0,1.0,2.0,-1.0,3.0,33.33333333333333,-66.66666666666667
ASICS Model-634,6.0,7.0,6.0,7.0,1.0,1.0,0.0,0.0,0.0
ASICS Model-639,4.0,3.0,6.0,2.0,-1.0,-4.0,3.0,-40.0,-71.42857142857143
ASICS Model-657,4.0,7.0,3.0,3.0,3.0,0.0,3.0,39.99999999999999,-25.0
ASICS Model-658,3.0,5.0,8.0,4.0,2.0,-4.0,6.0,25.0,-55.55555555555556
ASICS Model-719,2.0,4.0,1.0,5.0,2.0,4.0,-2.0,33.33333333333333,150.0
ASICS Model-734,6.0,2.0,4.0,7.0,-4.0,3.0,-7.0,-71.42857142857143,39.99999999999999
ASICS Model-754,4.0,3.0,1.0,1.0,-1.0,0.0,-1.0,-40.0,-50.0
ASICS Model-765,7.0,1.0,4.0,4.0,-6.0,0.0,-6.0,-87.5,-19.999999999999996
ASICS Model-769,3.0,12.0,3.0,6.0,9.0,3.0,6.0,200.0,50.0
ASICS Model-789,7.0,4.0,1.0,1.0,-3.0,0.0,-3.0,-50.0,-50.0
ASICS Model-793,2.0,9.0,1.0,5.0,7.0,4.0,3.0,200.0,150.0
ASICS Model-804,3.0,20.0,4.0,20.0,17.0,16.0,1.0,400.0,300.0
ASICS Model-809,2.0,2.0,3.0,4.0,0.0,1.0,-1.0,-33.333333333333336,0.0
ASICS Model-812,2.0,1.0,7.0,8.0,-1.0,1.0,-2.0,-66.66666666666667,0.0
ASICS Model-819,4.0,8.0,1.0,7.0,4.0,6.0,-2.0,60.00000000000001,250.0
ASICS Model-829,4.0,7.0,4.0,16.0,3.0,12.0,-9.0,39.99999999999999,220.00000000000003
ASICS Model-850,3.0,13.0,2.0,2.0,10.0,0.0,10.0,225.0,-33.333333333333336
ASICS Model-854,4.0,6.0,2.0,4.0,2.0,2.0,0.0,19.999999999999996,33.33333333333333
ASICS Model-863,2.0,5.0,3.0,17.0,3.0,14.0,-11.0,66.66666666666667,325.0
ASICS Model-866,1.0,3.0,6.0,14.0,2.0,8.0,-6.0,50.0,100.0
ASICS Model-880,5.0,2.0,3.0,6.0,-3.0,3.0,-6.0,-66.66666666666667,50.0
ASICS Model-881,2.0,3.0,6.0,9.0,1.0,3.0,-2.0,0.0,28.57142857142858
ASICS Model-894,1.0,10.0,1.0,3.0,9.0,2.0,7.0,400.0,50.0
ASICS Model-896,2.0,6.0,2.0,7.0,4.0,5.0,-1.0,100.0,133.33333333333334
ASICS Model-904,2.0,3.0,3.0,10.0,1.0,7.0,-6.0,0.0,150.0
ASICS Model-913,2.0,9.0,2.0,14.0,7.0,12.0,-5.0,200.0,366.6666666666667
ASICS Model-915,3.0,11.0,4.0,4.0,8.0,0.0,8.0,175.0,-19.999999999999996
ASICS Model-918,2.0,1.0,4.0,5.0,-1.0,1.0,-2.0,-66.66666666666667,0.0
ASICS Model-945,1.0,2.0,1.0,10.0,1.0,9.0,-8.0,0.0,400.0
ASICS Model-949,3.0,7.0,5.0,4.0,4.0,-1.0,5.0,75.0,-33.333333333333336
ASICS Model-950,4.0,14.0,1.0,3.0,10.0,2.0,8.0,179.99999999999997,50.0
ASICS Model-962,2.0,13.0,3.0,4.0,11.0,1.0,10.0,333.3333333333333,0.0
ASICS Model-979,4.0,4.0,7.0,7.0,0.0,0.0,0.0,-19.999999999999996,-12.5
ASICS Model-988,1.0,7.0,6.0,7.0,6.0,1.0,5.0,250.0,0.0
ASICS Model-990,3.0,7.0,4.0,11.0,4.0,7.0,-3.0,75.0,120.00000000000001
ASICS Model-993,3.0,11.0,4.0,7.0,8.0,3.0,5.0,175.0,39.99999999999999
ASICS Model-996,4.0,6.0,1.0,5.0,2.0,4.0,-2.0,19.999999999999996,150.0
Adidas Model-102,3.0,4.0,3.0,2.0,1.0,-1.0,2.0,0.0,-50.0
Adidas Model-111,3.0,3.0,1.0,4.0,0.0,3.0,-3.0,-25.0,100.0
Adidas Model-117,5.0,2.0,1.0,2.0,-3.0,1.0,-4.0,-66.66666666666667,0.0
Adidas Model-132,3.0,3.0,2.0,4.0,0.0,2.0,-2.0,-25.0,33.33333333333333
Adidas Model-137,2.0,5.0,1.0,6.0,3.0,5.0,-2.0,66.66666666666667,200.0
Adidas Model-145,3.0,8.0,3.0,4.0,5.0,1.0,4.0,100.0,0.0
Adidas Model-179,4.0,6.0,2.0,11.0,2.0,9.0,-7.0,19.999999999999996,266.66666666666663
Adidas Model-182,4.0,2.0,4.0,1.0,-2.0,-3.0,1.0,-60.0,-80.0
Adidas Model-193,2.0,3.0,6.0,5.0,1.0,-1.0,2.0,0.0,-28.57142857142857
Adidas Model-200,4.0,14.0,3.0,9.0,10.0,6.0,4.0,179.99999999999997,125.0
Adidas Model-204,3.0,3.0,11.0,8.0,0.0,-3.0,3.0,-25.0,-33.333333333333336
Adidas Model-229,3.0,14.0,8.0,12.0,11.0,4.0,7.0,250.0,33.33333333333333
Adidas Model-230,1.0,3.0,7.0,9.0,2.0,2.0,0.0,50.0,12.5
Adidas Model-266,1.0,4.0,3.0,6.0,3.0,3.0,0.0,100.0,50.0
Adidas Model-272,4.0,8.0,3.0,7.0,4.0,4.0,0.0,60.00000000000001,75.0
Adidas Model-305,2.0,2.0,2.0,2.0,0.0,0.0,0.0,-33.333333333333336,-33.333333333333336
Adidas Model-308,4.0,4.0,4.0,4.0,0.0,0.0,0.0,-19.999999999999996,-19.999999999999996
Adidas Model-313,5.0,3.0,1.0,2.0,-2.0,1.0,-3.0,-50.0,0.0
Adidas Model-319,2.0,14.0,5.0,13.0,12.0,8.0,4.0,366.6666666666667,116.66666666666666
Adidas Model-330,2.0,4.0,6.0,11.0,2.0,5.0,-3.0,33.33333333333333,57.14285714285714
Adidas Model-345,1.0,2.0,2.0,13.0,1.0,11.0,-10.0,0.0,333.3333333333333
Adidas Model-347,5.0,4.0,1.0,9.0,-1.0,8.0,-9.0,-33.333333333333336,350.0
Adidas Model-353,2.0,7.0,9.0,13.0,5.0,4.0,1.0,133.33333333333334,30.000000000000004
Adidas Model-366,1.0,11.0,7.0,4.0,10.0,-3.0,13.0,450.0,-50.0
Adidas Model-387,3.0,7.0,3.0,1.0,4.0,-2.0,6.0,75.0,-75.0
Adidas Model-392,1.0,3.0,4.0,9.0,2.0,5.0,-3.0,50.0,80.0
Adidas Model-394,4.0,13.0,2.0,4.0,9.0,2.0,7.0,160.0,33.33333333333333
Adidas Model-403,2.0,3.0,2.0,15.0,1.0,13.0,-12.0,0.0,400.0
Adidas Model-424,3.0,3.0,2.0,10.0,0.0,8.0,-8.0,-25.0,233.33333333333334
Adidas Model-437,4.0,6.0,3.0,3.0,2.0,0.0,2.0,19.999999999999996,-25.0
Adidas Model-441,6.0,11.0,2.0,3.0,5.0,1.0,4.0,57.14285714285714,0.0
Adidas Model-472,2.0,4.0,4.0,8.0,2.0,4.0,-2.0,33.33333333333333,60.00000000000001
Adidas Model-480,3.0,4.0,1.0,4.0,1.0,3.0,-2.0,0.0,100.0
Adidas Model-507,1.0,1.0,1.0,3.0,0.0,2.0,-2.0,-50.0,50.0
Adidas Model-515,4.0,15.0,2.0,9.0,11.0,7.0,4.0,200.0,200.0
Adidas Model-518,3.0,11.0,7.0,7.0,8.0,0.0,8.0,175.0,-12.5
Adidas Model-523,2.0,10.0,1.0,4.0,8.0,3.0,5.0,233.33333333333334,100.0
Adidas Model-544,6.0,4.0,2.0,3.0,-2.0,1.0,-3.0,-42.85714285714286,0.0
Adidas Model-550,1.0,2.0,2.0,3.0,1.0,1.0,0.0,0.0,0.0
Adidas Model-557,2.0,8.0,2.0,7.0,6.0,5.0,1.0,166.66666666666666,133.33333333333334
Adidas Model-595,5.0,10.0,3.0,6.0,5.0,3.0,2.0,66.66666666666667,50.0
Adidas Model-598,1.0,9.0,2.0,2.0,8.0,0.0,8.0,350.0,-33.333333333333336
Adidas Model-604,5.0,2.0,6.0,8.0,-3.0,2.0,-5.0,-66.66666666666667,14.28571428571428
Adidas Model-617,3.0,4.0,4.0,6.0,1.0,2.0,-1.0,0.0,19.999999999999996
Adidas Model-622,4.0,2.0,4.0,4.0,-2.0,0.0,-2.0,-60.0,-19.999999999999996
Adidas Model-630,1.0,7.0,1.0,3.0,6.0,2.0,4.0,250.0,50.0
Adidas Model-635,4.0,4.0,3.0,10.0,0.0,7.0,-7.0,-19.999999999999996,150.0
Adidas Model-649,3.0,4.0,1.0,6.0,1.0,5.0,-4.0,0.0,200.0
Adidas Model-650,11.0,1.0,3.0,10.0,-10.0,7.0,-17.0,-91.66666666666666,150.0
Adidas Model-653,6.0,3.0,3.0,5.0,-3.0,2.0,-5.0,-57.14285714285714,25.0
Adidas Model-683,3.0,6.0,3.0,6.0,3.0,3.0,0.0,50.0,50.0
Adidas Model-690,1.0,2.0,5.0,8.0,1.0,3.0,-2.0,0.0,33.33333333333333
Adidas Model-691,3.0,15.0,4.0,12.0,12.0,8.0,4.0,275.0,140.0
Adidas Model-700,5.0,4.0,1.0,6.0,-1.0,5.0,-6.0,-33.333333333333336,200.0
Adidas Model-707,2.0,3.0,4.0,6.0,1.0,2.0,-1.0,0.0,19.999999999999996
Adidas Model-711,1.0,4.0,2.0,6.0,3.0,4.0,-1.0,100.0,100.0
Adidas Model-714,1.0,12.0,3.0,5.0,11.0,2.0,9.0,500.0,25.0
Adidas Model-724,1.0,9.0,3.0,2.0,8.0,-1.0,9.0,350.0,-50.0
Adidas Model-732,4.0,3.0,5.0,4.0,-1.0,-1.0,0.0,-40.0,-33.333333333333336
Adidas Model-746,2.0,4.0,7.0,6.0,2.0,-1.0,3.0,33.33333333333333,-25.0
Adidas Model-748,3.0,4.0,1.0,6.0,1.0,5.0,-4.0,0.0,200.0
Adidas Model-759,4.0,3.0,2.0,4.0,-1.0,2.0,-3.0,-40.0,33.33333333333333
Adidas Model-772,1.0,9.0,3.0,3.0,8.0,0.0,8.0,350.0,-25.0
Adidas Model-788,2.0,13.0,4.0,7.0,11.0,3.0,8.0,333.3333333333333,39.99999999999999
Adidas Model-790,4.0,1.0,2.0,2.0,-3.0,0.0,-3.0,-80.0,-33.333333333333336
Adidas Model-791,1.0,7.0,3.0,7.0,6.0,4.0,2.0,250.0,75.0
Adidas Model-814,1.0,14.0,1.0,3.0,13.0,2.0,11.0,600.0,50.0
Adidas Model-818,1.0,6.0,4.0,10.0,5.0,6.0,-1.0,200.0,100.0
Adidas Model-826,4.0,8.0,3.0,1.0,4.0,-2.0,6.0,60.00000000000001,-75.0
Adidas Model-834,5.0,6.0,1.0,9.0,1.0,8.0,-7.0,0.0,350.0
Adidas Model-840,4.0,8.0,7.0,4.0,4.0,-3.0,7.0,60.00000000000001,-50.0
Adidas Model-841,2.0,8.0,1.0,19.0,6.0,18.0,-12.0,166.66666666666666,850.0
Adidas Model-843,8.0,6.0,2.0,7.0,-2.0,5.0,-7.0,-33.333333333333336,133.33333333333334
Adidas Model-868,7.0,2.0,1.0,12.0,-5.0,11.0,-16.0,-75.0,500.0
Adidas Model-875,3.0,5.0,3.0,4.0,2.0,1.0,1.0,25.0,0.0
Adidas Model-880,1.0,12.0,5.0,3.0,11.0,-2.0,13.0,500.0,-50.0
Adidas Model-886,4.0,10.0,3.0,10.0,6.0,7.0,-1.0,100.0,150.0
Adidas Model-899,4.0,5.0,6.0,13.0,1.0,7.0,-6.0,0.0,85.71428571428572
Adidas Model-917,3.0,6.0,2.0,1.0,3.0,-1.0,4.0,50.0,-66.66666666666667
Adidas Model-925,1.0,4.0,5.0,11.0,3.0,6.0,-3.0,100.0,83.33333333333333
Adidas Model-936,1.0,13.0,4.0,6.0,12.0,2.0,10.0,550.0,19.999999999999996
Adidas Model-947,4.0,4.0,1.0,7.0,0.0,6.0,-6.0,-19.999999999999996,250.0
Adidas Model-958,2.0,18.0,4.0,7.0,16.0,3.0,13.0,500.0,39.99999999999999
Adidas Model-968,1.0,5.0,4.0,3.0,4.0,-1.0,5.0,150.0,-40.0
Adidas Model-979,1.0,6.0,2.0,1.0,5.0,-1.0,6.0,200.0,-66.66666666666667
Adidas Model-994,7.0,9.0,1.0,3.0,2.0,2.0,0.0,12.5,50.0
Adidas Model-996,3.0,3.0,1.0,4.0,0.0,3.0,-3.0,-25.0,100.0
New Balance Model-124,4.0,13.0,3.0,6.0,9.0,3.0,6.0,160.0,50.0
New Balance Model-125,3.0,2.0,4.0,9.0,-1.0,5.0,-6.0,-50.0,80.0
New Balance Model-127,4.0,3.0,3.0,8.0,-1.0,5.0,-6.0,-40.0,100.0
New Balance Model-134,8.0,14.0,1.0,5.0,6.0,4.0,2.0,55.55555555555556,150.0
New Balance Model-141,3.0,3.0,4.0,11.0,0.0,7.0,-7.0,-25.0,120.00000000000001
New Balance Model-151,1.0,7.0,3.0,8.0,6.0,5.0,1.0,250.0,100.0
New Balance Model-166,4.0,6.0,1.0,10.0,2.0,9.0,-7.0,19.999999999999996,400.0
New Balance Model-168,2.0,5.0,5.0,6.0,3.0,1.0,2.0,66.66666666666667,0.0
New Balance Model-169,1.0,7.0,2.0,5.0,6.0,3.0,3.0,250.0,66.66666666666667
New Balance Model-170,1.0,3.0,3.0,4.0,2.0,1.0,1.0,50.0,0.0
New Balance Model-171,4.0,6.0,3.0,6.0,2.0,3.0,-1.0,19.999999999999996,50.0
New Balance Model-173,4.0,11.0,4.0,10.0,7.0,6.0,1.0,120.00000000000001,100.0
New Balance Model-187,3.0,8.0,2.0,10.0,5.0,8.0,-3.0,100.0,233.33333333333334
New Balance Model-188,8.0,9.0,1.0,1.0,1.0,0.0,1.0,0.0,-50.0
New Balance Model-189,1.0,8.0,4.0,6.0,7.0,2.0,5.0,300.0,19.999999999999996
New Balance Model-201,4.0,8.0,4.0,1.0,4.0,-3.0,7.0,60.00000000000001,-80.0
New Balance Model-206,3.0,11.0,4.0,5.0,8.0,1.0,7.0,175.0,0.0
New Balance Model-207,2.0,17.0,4.0,7.0,15.0,3.0,12.0,466.6666666666667,39.99999999999999
New Balance Model-209,4.0,3.0,2.0,3.0,-1.0,1.0,-2.0,-40.0,0.0
New Balance Model-214,3.0,4.0,4.0,4.0,1.0,0.0,1.0,0.0,-19.999999999999996
New Balance Model-217,1.0,4.0,3.0,9.0,3.0,6.0,-3.0,100.0,125.0
New Balance Model-218,4.0,16.0,4.0,8.0,12.0,4.0,8.0,220.00000000000003,60.00000000000001
New Balance Model-221,8.0,2.0,1.0,4.0,-6.0,3.0,-9.0,-77.77777777777779,100.0
New Balance Model-231,4.0,4.0,2.0,6.0,0.0,4.0,-4.0,-19.999999999999996,100.0
New Balance Model-243,4.0,2.0,2.0,6.0,-2.0,4.0,-6.0,-60.0,100.0
New Balance Model-244,6.0,10.0,3.0,4.0,4.0,1.0,3.0,42.85714285714286,0.0
New Balance Model-246,3.0,7.0,5.0,8.0,4.0,3.0,1.0,75.0,33.33333333333333
New Balance Model-247,4.0,11.0,1.0,1.0,7.0,0.0,7.0,120.00000000000001,-50.0
New Balance Model-252,1.0,4.0,4.0,6.0,3.0,2.0,1.0,100.0,19.999999999999996
New Balance Model-256,1.0,5.0,4.0,1.0,4.0,-3.0,7.0,150.0,-80.0
New Balance Model-278,4.0,1.0,6.0,1.0,-3.0,-5.0,2.0,-80.0,-85.71428571428572
New Balance Model-279,2.0,7.0,4.0,6.0,5.0,2.0,3.0,133.33333333333334,19.999999999999996
New Balance Model-300,4.0,7.0,2.0,4.0,3.0,2.0,1.0,39.99999999999999,33.33333333333333
New Balance Model-308,3.0,11.0,1.0,5.0,8.0,4.0,4.0,175.0,150.0
New Balance Model-311,6.0,1.0,6.0,4.0,-5.0,-2.0,-3.0,-85.71428571428572,-42.85714285714286
New Balance Model-313,2.0,8.0,1.0,11.0,6.0,10.0,-4.0,166.66666666666666,450.0
New Balance Model-327,3.0,2.0,2.0,4.0,-1.0,2.0,-3.0,-50.0,33.33333333333333
New Balance Model-331,2.0,4.0,2.0,9.0,2.0,7.0,-5.0,33.33333333333333,200.0
New Balance Model-335,3.0,9.0,7.0,3.0,6.0,-4.0,10.0,125.0,-62.5
New Balance Model-338,3.0,2.0,3.0,2.0,-1.0,-1.0,0.0,-50.0,-50.0
New Balance Model-353,4.0,2.0,4.0,3.0,-2.0,-1.0,-1.0,-60.0,-40.0
New Balance Model-362,2.0,2.0,7.0,8.0,0.0,1.0,-1.0,-33.333333333333336,0.0
New Balance Model-364,4.0,3.0,1.0,13.0,-1.0,12.0,-13.0,-40.0,550.0
New Balance Model-393,2.0,6.0,1.0,3.0,4.0,2.0,2.0,100.0,50.0
New Balance Model-402,6.0,6.0,3.0,8.0,0.0,5.0,-5.0,-14.28571428571429,100.0
New Balance Model-422,3.0,7.0,3.0,3.0,4.0,0.0,4.0,75.0,-25.0
New Balance Model-430,4.0,10.0,5.0,8.0,6.0,3.0,3.0,100.0,33.33333333333333
New Balance Model-437,2.0,6.0,2.0,5.0,4.0,3.0,1.0,100.0,66.66666666666667
New Balance Model-470,2.0,2.0,4.0,4.0,0.0,0.0,0.0,-33.333333333333336,-19.999999999999996
New Balance Model-477,4.0,4.0,4.0,1.0,0.0,-3.0,3.0,-19.999999999999996,-80.0
New Balance Model-494,1.0,6.0,2.0,10.0,5.0,8.0,-3.0,200.0,233.33333333333334
New Balance Model-513,3.0,15.0,4.0,9.0,12.0,5.0,7.0,275.0,80.0
New Balance Model-544,1.0,7.0,2.0,1.0,6.0,-1.0,7.0,250.0,-66.66666666666667
New Balance Model-551,5.0,5.0,2.0,5.0,0.0,3.0,-3.0,-16.666666666666664,66.66666666666667
New Balance Model-579,4.0,10.0,4.0,5.0,6.0,1.0,5.0,100.0,0.0
New Balance Model-581,2.0,4.0,1.0,6.0,2.0,5.0,-3.0,33.33333333333333,200.0
New Balance Model-591,2.0,10.0,3.0,1.0,8.0,-2.0,10.0,233.33333333333334,-75.0
New Balance Model-605,4.0,9.0,7.0,15.0,5.0,8.0,-3.0,80.0,87.5
New Balance Model-612,6.0,17.0,1.0,7.0,11.0,6.0,5.0,142.85714285714283,250.0
New Balance Model-621,2.0,17.0,1.0,3.0,15.0,2.0,13.0,466.6666666666667,50.0
New Balance Model-622,6.0,8.0,4.0,9.0,2.0,5.0,-3.0,14.28571428571428,80.0
New Balance Model-624,4.0,10.0,7.0,5.0,6.0,-2.0,8.0,100.0,-37.5
New Balance Model-625,4.0,12.0,4.0,3.0,8.0,-1.0,9.0,140.0,-40.0
New Balance Model-627,3.0,3.0,2.0,5.0,0.0,3.0,-3.0,-25.0,66.66666666666667
New Balance Model-636,2.0,8.0,3.0,8.0,6.0,5.0,1.0,166.66666666666666,100.0
New Balance Model-652,2.0,8.0,6.0,3.0,6.0,-3.0,9.0,166.66666666666666,-57.14285714285714
New Balance Model-655,7.0,3.0,2.0,10.0,-4.0,8.0,-12.0,-62.5,233.33333333333334
New Balance Model-661,2.0,7.0,4.0,8.0,5.0,4.0,1.0,133.33333333333334,60.00000000000001
New Balance Model-662,5.0,8.0,1.0,12.0,3.0,11.0,-8.0,33.33333333333333,500.0
New Balance Model-683,2.0,14.0,3.0,10.0,12.0,7.0,5.0,366.6666666666667,150.0
New Balance Model-689,4.0,12.0,3.0,6.0,8.0,3.0,5.0,140.0,50.0
New Balance Model-690,1.0,8.0,6.0,6.0,7.0,0.0,7.0,300.0,-14.28571428571429
New Balance Model-697,4.0,3.0,6.0,4.0,-1.0,-2.0,1.0,-40.0,-42.85714285714286
New Balance Model-700,2.0,9.0,2.0,14.0,7.0,12.0,-5.0,200.0,366.6666666666667
New Balance Model-701,3.0,5.0,4.0,6.0,2.0,2.0,0.0,25.0,19.999999999999996
New Balance Model-723,4.0,7.0,3.0,3.0,3.0,0.0,3.0,39.99999999999999,-25.0
New Balance Model-728,2.0,2.0,3.0,4.0,0.0,1.0,-1.0,-33.333333333333336,0.0
New Balance Model-735,3.0,8.0,4.0,6.0,5.0,2.0,3.0,100.0,19.999999999999996
New Balance Model-749,2.0,8.0,2.0,9.0,6.0,7.0,-1.0,166.66666666666666,200.0
New Balance Model-760,4.0,3.0,5.0,1.0,-1.0,-4.0,3.0,-40.0,-83.33333333333334
New Balance Model-766,2.0,4.0,4.0,6.0,2.0,2.0,0.0,33.33333333333333,19.999999999999996
New Balance Model-770,3.0,7.0,4.0,7.0,4.0,3.0,1.0,75.0,39.99999999999999
New Balance Model-777,1.0,19.0,2.0,2.0,18.0,0.0,18.0,850.0,-33.333333333333336
New Balance Model-784,3.0,5.0,2.0,6.0,2.0,4.0,-2.0,25.0,100.0
New Balance Model-793,3.0,6.0,4.0,18.0,3.0,14.0,-11.0,50.0,260.0
New Balance Model-800,4.0,2.0,3.0,17.0,-2.0,14.0,-16.0,-60.0,325.0
New Balance Model-802,4.0,2.0,3.0,6.0,-2.0,3.0,-5.0,-60.0,50.0
New Balance Model-828,3.0,7.0,3.0,9.0,4.0,6.0,-2.0,75.0,125.0
New Balance Model-840,5.0,4.0,1.0,13.0,-1.0,12.0,-13.0,-33.333333333333336,550.0
New Balance Model-847,5.0,2.0,2.0,4.0,-3.0,2.0,-5.0,-66.66666666666667,33.33333333333333
New Balance Model-859,2.0,1.0,1.0,13.0,-1.0,12.0,-13.0,-66.66666666666667,550.0
New Balance Model-870,3.0,2.0,1.0,7.0,-1.0,6.0,-7.0,-50.0,250.0
New Balance Model-887,3.0,3.0,5.0,2.0,0.0,-3.0,3.0,-25.0,-66.66666666666667
New Balance Model-890,7.0,8.0,2.0,4.0,1.0,2.0,-1.0,0.0,33.33333333333333
New Balance Model-934,3.0,2.0,1.0,1.0,-1.0,0.0,-1.0,-50.0,-50.0
New Balance Model-952,2.0,8.0,3.0,7.0,6.0,4.0,2.0,166.66666666666666,75.0
New Balance Model-954,4.0,7.0,3.0,4.0,3.0,1.0,2.0,39.99999999999999,0.0
New Balance Model-963,3.0,5.0,2.0,8.0,2.0,6.0,-4.0,25.0,166.66666666666666
New Balance Model-975,2.0,3.0,1.0,8.0,1.0,7.0,-6.0,0.0,300.0
New Balance Model-979,3.0,1.0,2.0,4.0,-2.0,2.0,-4.0,-75.0,33.33333333333333
New Balance Model-995,4.0,2.0,4.0,1.0,-2.0,-3.0,1.0,-60.0,-80.0
Nike Model-100,2.0,1.0,3.0,2.0,-1.0,-1.0,0.0,-66.66666666666667,-50.0
Nike Model-115,1.0,10.0,2.0,7.0,9.0,5.0,4.0,400.0,133.33333333333334
Nike Model-118,3.0,3.0,5.0,5.0,0.0,0.0,0.0,-25.0,-16.666666666666664
Nike Model-123,2.0,7.0,3.0,11.0,5.0,8.0,-3.0,133.33333333333334,175.0
Nike Model-135,2.0,8.0,6.0,1.0,6.0,-5.0,11.0,166.66666666666666,-85.71428571428572
Nike Model-137,4.0,6.0,7.0,1.0,2.0,-6.0,8.0,19.999999999999996,-87.5
Nike Model-149,2.0,8.0,3.0,4.0,6.0,1.0,5.0,166.66666666666666,0.0
Nike Model-163,5.0,4.0,2.0,1.0,-1.0,-1.0,0.0,-33.333333333333336,-66.66666666666667
Nike Model-168,1.0,5.0,4.0,2.0,4.0,-2.0,6.0,150.0,-60.0
Nike Model-169,8.0,1.0,2.0,7.0,-7.0,5.0,-12.0,-88.88888888888889,133.33333333333334
Nike Model-172,4.0,5.0,1.0,3.0,1.0,2.0,-1.0,0.0,50.0
Nike Model-185,3.0,8.0,4.0,7.0,5.0,3.0,2.0,100.0,39.99999999999999
Nike Model-196,2.0,4.0,4.0,6.0,2.0,2.0,0.0,33.33333333333333,19.999999999999996
Nike Model-197,1.0,2.0,4.0,10.0,1.0,6.0,-5.0,0.0,100.0
Nike Model-208,2.0,4.0,6.0,3.0,2.0,-3.0,5.0,33.33333333333333,-57.14285714285714
Nike Model-209,2.0,7.0,5.0,3.0,5.0,-2.0,7.0,133.33333333333334,-50.0
Nike Model-218,4.0,7.0,5.0,7.0,3.0,2.0,1.0,39.99999999999999,16.666666666666675
Nike Model-229,5.0,2.0,3.0,9.0,-3.0,6.0,-9.0,-66.66666666666667,125.0
Nike Model-240,3.0,4.0,4.0,12.0,1.0,8.0,-7.0,0.0,140.0
Nike Model-241,3.0,8.0,1.0,5.0,5.0,4.0,1.0,100.0,150.0
Nike Model-255,1.0,1.0,7.0,3.0,0.0,-4.0,4.0,-50.0,-62.5
Nike Model-257,3.0,5.0,3.0,3.0,2.0,0.0,2.0,25.0,-25.0
Nike Model-263,1.0,6.0,2.0,3.0,5.0,1.0,4.0,200.0,0.0
Nike Model-266,1.0,3.0,4.0,6.0,2.0,2.0,0.0,50.0,19.999999999999996
Nike Model-272,4.0,11.0,4.0,2.0,7.0,-2.0,9.0,120.00000000000001,-60.0
Nike Model-277,2.0,5.0,3.0,2.0,3.0,-1.0,4.0,66.66666666666667,-50.0
Nike Model-278,3.0,11.0,3.0,6.0,8.0,3.0,5.0,175.0,50.0
Nike Model-287,2.0,5.0,3.0,1.0,3.0,-2.0,5.0,66.66666666666667,-75.0
Nike Model-301,3.0,7.0,4.0,4.0,4.0,0.0,4.0,75.0,-19.999999999999996
Nike Model-309,7.0,6.0,1.0,9.0,-1.0,8.0,-9.0,-25.0,350.0
Nike Model-314,2.0,7.0,2.0,9.0,5.0,7.0,-2.0,133.33333333333334,200.0
Nike Model-320,5.0,4.0,3.0,3.0,-1.0,0.0,-1.0,-33.333333333333336,-25.0
Nike Model-325,2.0,4.0,3.0,7.0,2.0,4.0,-2.0,33.33333333333333,75.0
Nike Model-349,4.0,3.0,4.0,3.0,-1.0,-1.0,0.0,-40.0,-40.0
Nike Model-354,1.0,6.0,1.0,5.0,5.0,4.0,1.0,200.0,150.0
Nike Model-362,4.0,2.0,6.0,5.0,-2.0,-1.0,-1.0,-60.0,-28.57142857142857
Nike Model-371,5.0,14.0,1.0,5.0,9.0,4.0,5.0,133.33333333333334,150.0
Nike Model-372,3.0,3.0,3.0,5.0,0.0,2.0,-2.0,-25.0,25.0
Nike Model-374,1.0,8.0,2.0,11.0,7.0,9.0,-2.0,300.0,266.66666666666663
Nike Model-388,4.0,10.0,1.0,3.0,6.0,2.0,4.0,100.0,50.0
Nike Model-409,5.0,2.0,4.0,4.0,-3.0,0.0,-3.0,-66.66666666666667,-19.999999999999996
Nike Model-410,3.0,10.0,1.0,9.0,7.0,8.0,-1.0,150.0,350.0
Nike Model-415,1.0,5.0,3.0,2.0,4.0,-1.0,5.0,150.0,-50.0
Nike Model-438,2.0,4.0,1.0,2.0,2.0,1.0,1.0,33.33333333333333,0.0
Nike Model-439,1.0,4.0,6.0,10.0,3.0,4.0,-1.0,100.0,42.85714285714286
Nike Model-449,5.0,6.0,1.0,3.0,1.0,2.0,-1.0,0.0,50.0
Nike Model-451,1.0,7.0,3.0,11.0,6.0,8.0,-2.0,250.0,175.0
Nike Model-461,2.0,3.0,1.0,6.0,1.0,5.0,-4.0,0.0,200.0
Nike Model-466,1.0,3.0,3.0,7.0,2.0,4.0,-2.0,50.0,75.0
Nike Model-471,5.0,2.0,1.0,11.0,-3.0,10.0,-13.0,-66.66666666666667,450.0
Nike Model-506,1.0,5.0,3.0,6.0,4.0,3.0,1.0,150.0,50.0
Nike Model-509,3.0,4.0,1.0,4.0,1.0,3.0,-2.0,0.0,100.0
Nike Model-523,1.0,11.0,3.0,3.0,10.0,0.0,10.0,450.0,-25.0
Nike Model-531,4.0,10.0,1.0,8.0,6.0,7.0,-1.0,100.0,300.0
Nike Model-534,2.0,5.0,4.0,1.0,3.0,-3.0,6.0,66.66666666666667,-80.0
Nike Model-535,2.0,3.0,5.0,4.0,1.0,-1.0,2.0,0.0,-33.333333333333336
Nike Model-557,1.0,1.0,7.0,2.0,0.0,-5.0,5.0,-50.0,-75.0
Nike Model-573,1.0,3.0,2.0,3.0,2.0,1.0,1.0,50.0,0.0
Nike Model-576,1.0,3.0,1.0,3.0,2.0,2.0,0.0,50.0,50.0
Nike Model-589,1.0,3.0,4.0,9.0,2.0,5.0,-3.0,50.0,80.0
Nike Model-603,5.0,7.0,2.0,4.0,2.0,2.0,0.0,16.666666666666675,33.33333333333333
Nike Model-605,6.0,15.0,3.0,14.0,9.0,11.0,-2.0,114.28571428571428,250.0
Nike Model-611,4.0,7.0,4.0,3.0,3.0,-1.0,4.0,39.99999999999999,-40.0
Nike Model-612,9.0,7.0,7.0,7.0,-2.0,0.0,-2.0,-30.000000000000004,-12.5
Nike Model-619,4.0,16.0,1.0,6.0,12.0,5.0,7.0,220.00000000000003,200.0
Nike Model-627,7.0,5.0,1.0,5.0,-2.0,4.0,-6.0,-37.5,150.0
Nike Model-633,2.0,9.0,8.0,6.0,7.0,-2.0,9.0,200.0,-33.333333333333336
Nike Model-641,4.0,10.0,4.0,2.0,6.0,-2.0,8.0,100.0,-60.0
Nike Model-650,4.0,8.0,7.0,7.0,4.0,0.0,4.0,60.00000000000001,-12.5
Nike Model-658,4.0,3.0,3.0,6.0,-1.0,3.0,-4.0,-40.0,50.0
Nike Model-660,3.0,8.0,4.0,9.0,5.0,5.0,0.0,100.0,80.0
Nike Model-669,1.0,8.0,2.0,3.0,7.0,1.0,6.0,300.0,0.0
Nike Model-672,3.0,7.0,12.0,5.0,4.0,-7.0,11.0,75.0,-61.53846153846154
Nike Model-675,3.0,10.0,3.0,14.0,7.0,11.0,-4.0,150.0,250.0
Nike Model-678,1.0,8.0,3.0,15.0,7.0,12.0,-5.0,300.0,275.0
Nike Model-684,7.0,10.0,3.0,4.0,3.0,1.0,2.0,25.0,0.0
Nike Model-699,3.0,11.0,3.0,4.0,8.0,1.0,7.0,175.0,0.0
Nike Model-710,1.0,5.0,1.0,4.0,4.0,3.0,1.0,150.0,100.0
Nike Model-715,2.0,7.0,1.0,9.0,5.0,8.0,-3.0,133.33333333333334,350.0
Nike Model-740,2.0,12.0,1.0,14.0,10.0,13.0,-3.0,300.0,600.0
Nike Model-772,2.0,2.0,3.0,10.0,0.0,7.0,-7.0,-33.333333333333336,150.0
Nike Model-798,4.0,23.0,1.0,6.0,19.0,5.0,14.0,359.99999999999994,200.0
Nike Model-808,4.0,5.0,5.0,2.0,1.0,-3.0,4.0,0.0,-66.66666666666667
Nike Model-809,1.0,4.0,3.0,2.0,3.0,-1.0,4.0,100.0,-50.0
Nike Model-810,4.0,8.0,3.0,7.0,4.0,4.0,0.0,60.00000000000001,75.0
Nike Model-813,4.0,3.0,4.0,1.0,-1.0,-3.0,2.0,-40.0,-80.0
Nike Model-819,4.0,8.0,4.0,1.0,4.0,-3.0,7.0,60.00000000000001,-80.0
Nike Model-841,3.0,5.0,4.0,3.0,2.0,-1.0,3.0,25.0,-40.0
Nike Model-879,1.0,11.0,4.0,10.0,10.0,6.0,4.0,450.0,100.0
Nike Model-882,1.0,3.0,2.0,6.0,2.0,4.0,-2.0,50.0,100.0
Nike Model-883,5.0,7.0,5.0,7.0,2.0,2.0,0.0,16.666666666666675,16.666666666666675
Nike Model-900,3.0,16.0,3.0,8.0,13.0,5.0,8.0,300.0,100.0
Nike Model-937,5.0,7.0,4.0,3.0,2.0,-1.0,3.0,16.666666666666675,-40.0
Nike Model-943,2.0,3.0,4.0,6.0,1.0,2.0,-1.0,0.0,19.999999999999996
Nike Model-967,7.0,19.0,2.0,8.0,12.0,6.0,6.0,137.5,166.66666666666666
Nike Model-978,1.0,9.0,3.0,5.0,8.0,2.0,6.0,350.0,25.0
Nike Model-984,1.0,11.0,3.0,4.0,10.0,1.0,9.0,450.0,0.0
Nike Model-989,3.0,1.0,4.0,11.0,-2.0,7.0,-9.0,-75.0,120.00000000000001
Nike Model-993,1.0,5.0,4.0,3.0,4.0,-1.0,5.0,150.0,-40.0
Nike Model-998,3.0,4.0,3.0,3.0,1.0,0.0,1.0,0.0,-25.0
Puma Model-107,4.0,4.0,3.0,3.0,0.0,0.0,0.0,-19.999999999999996,-25.0
Puma Model-109,1.0,7.0,4.0,6.0,6.0,2.0,4.0,250.0,19.999999999999996
Puma Model-112,2.0,2.0,1.0,1.0,0.0,0.0,0.0,-33.333333333333336,-50.0
Puma Model-117,1.0,1.0,2.0,4.0,0.0,2.0,-2.0,-50.0,33.33333333333333
Puma Model-134,2.0,7.0,5.0,5.0,5.0,0.0,5.0,133.33333333333334,-16.666666666666664
Puma Model-162,4.0,10.0,4.0,3.0,6.0,-1.0,7.0,100.0,-40.0
Puma Model-164,1.0,8.0,1.0,5.0,7.0,4.0,3.0,300.0,150.0
Puma Model-165,2.0,4.0,2.0,9.0,2.0,7.0,-5.0,33.33333333333333,200.0
Puma Model-173,4.0,4.0,3.0,13.0,0.0,10.0,-10.0,-19.999999999999996,225.0
Puma Model-174,3.0,5.0,3.0,15.0,2.0,12.0,-10.0,25.0,275.0
Puma Model-181,1.0,6.0,5.0,4.0,5.0,-1.0,6.0,200.0,-33.333333333333336
Puma Model-209,2.0,5.0,2.0,6.0,3.0,4.0,-1.0,66.66666666666667,100.0
Puma Model-215,2.0,4.0,2.0,7.0,2.0,5.0,-3.0,33.33333333333333,133.33333333333334
Puma Model-218,3.0,3.0,6.0,4.0,0.0,-2.0,2.0,-25.0,-42.85714285714286
Puma Model-251,2.0,11.0,2.0,4.0,9.0,2.0,7.0,266.66666666666663,33.33333333333333
Puma Model-257,7.0,10.0,4.0,10.0,3.0,6.0,-3.0,25.0,100.0
Puma Model-270,2.0,4.0,2.0,8.0,2.0,6.0,-4.0,33.33333333333333,166.66666666666666
Puma Model-291,1.0,11.0,4.0,5.0,10.0,1.0,9.0,450.0,0.0
Puma Model-293,3.0,4.0,2.0,13.0,1.0,11.0,-10.0,0.0,333.3333333333333
Puma Model-299,4.0,4.0,4.0,2.0,0.0,-2.0,2.0,-19.999999999999996,-60.0
Puma Model-302,2.0,3.0,1.0,7.0,1.0,6.0,-5.0,0.0,250.0
Puma Model-307,2.0,4.0,4.0,6.0,2.0,2.0,0.0,33.33333333333333,19.999999999999996
Puma Model-310,3.0,1.0,2.0,3.0,-2.0,1.0,-3.0,-75.0,0.0
Puma Model-312,3.0,3.0,11.0,4.0,0.0,-7.0,7.0,-25.0,-66.66666666666667
Puma Model-313,1.0,5.0,4.0,3.0,4.0,-1.0,5.0,150.0,-40.0
Puma Model-341,1.0,3.0,4.0,6.0,2.0,2.0,0.0,50.0,19.999999999999996
Puma Model-342,3.0,7.0,10.0,4.0,4.0,-6.0,10.0,75.0,-63.63636363636363
Puma Model-344,4.0,10.0,3.0,8.0,6.0,5.0,1.0,100.0,100.0
Puma Model-350,2.0,2.0,3.0,13.0,0.0,10.0,-10.0,-33.333333333333336,225.0
Puma Model-384,9.0,3.0,1.0,12.0,-6.0,11.0,-17.0,-70.0,500.0
Puma Model-392,1.0,8.0,2.0,6.0,7.0,4.0,3.0,300.0,100.0
Puma Model-395,3.0,17.0,3.0,9.0,14.0,6.0,8.0,325.0,125.0
Puma Model-397,2.0,14.0,3.0,6.0,12.0,3.0,9.0,366.6666666666667,50.0
Puma Model-398,4.0,9.0,2.0,1.0,5.0,-1.0,6.0,80.0,-66.66666666666667
Puma Model-449,3.0,5.0,4.0,2.0,2.0,-2.0,4.0,25.0,-60.0
Puma Model-459,4.0,4.0,2.0,6.0,0.0,4.0,-4.0,-19.999999999999996,100.0
Puma Model-471,3.0,3.0,2.0,2.0,0.0,0.0,0.0,-25.0,-33.333333333333336
Puma Model-480,3.0,5.0,4.0,8.0,2.0,4.0,-2.0,25.0,60.00000000000001
Puma Model-483,1.0,7.0,2.0,3.0,6.0,1.0,5.0,250.0,0.0
Puma Model-491,1.0,1.0,4.0,7.0,0.0,3.0,-3.0,-50.0,39.99999999999999
Puma Model-500,3.0,12.0,7.0,4.0,9.0,-3.0,12.0,200.0,-50.0
Puma Model-528,2.0,12.0,4.0,7.0,10.0,3.0,7.0,300.0,39.99999999999999
Puma Model-535,4.0,10.0,1.0,15.0,6.0,14.0,-8.0,100.0,650.0
Puma Model-552,4.0,5.0,7.0,13.0,1.0,6.0,-5.0,0.0,62.5
Puma Model-558,1.0,10.0,3.0,5.0,9.0,2.0,7.0,400.0,25.0
Puma Model-563,2.0,11.0,10.0,10.0,9.0,0.0,9.0,266.66666666666663,-9.090909090909093
Puma Model-613,3.0,3.0,3.0,8.0,0.0,5.0,-5.0,-25.0,100.0
Puma Model-622,4.0,4.0,1.0,4.0,0.0,3.0,-3.0,-19.999999999999996,100.0
Puma Model-631,3.0,8.0,1.0,9.0,5.0,8.0,-3.0,100.0,350.0
Puma Model-637,2.0,1.0,1.0,3.0,-1.0,2.0,-3.0,-66.66666666666667,50.0
Puma Model-638,3.0,3.0,5.0,5.0,0.0,0.0,0.0,-25.0,-16.666666666666664
Puma Model-650,3.0,4.0,1.0,4.0,1.0,3.0,-2.0,0.0,100.0
Puma Model-652,1.0,2.0,1.0,13.0,1.0,12.0,-11.0,0.0,550.0
Puma Model-665,1.0,7.0,2.0,6.0,6.0,4.0,2.0,250.0,100.0
Puma Model-678,3.0,2.0,4.0,5.0,-1.0,1.0,-2.0,-50.0,0.0
Puma Model-688,5.0,2.0,4.0,1.0,-3.0,-3.0,0.0,-66.66666666666667,-80.0
Puma Model-707,4.0,4.0,1.0,12.0,0.0,11.0,-11.0,-19.999999999999996,500.0
Puma Model-715,3.0,17.0,4.0,10.0,14.0,6.0,8.0,325.0,100.0
Puma Model-723,3.0,5.0,6.0,11.0,2.0,5.0,-3.0,25.0,57.14285714285714
Puma Model-732,3.0,3.0,2.0,3.0,0.0,1.0,-1.0,-25.0,0.0
Puma Model-735,1.0,1.0,4.0,7.0,0.0,3.0,-3.0,-50.0,39.99999999999999
Puma Model-740,3.0,9.0,4.0,3.0,6.0,-1.0,7.0,125.0,-40.0
Puma Model-747,2.0,3.0,3.0,3.0,1.0,0.0,1.0,0.0,-25.0
Puma Model-763,4.0,6.0,6.0,3.0,2.0,-3.0,5.0,19.999999999999996,-57.14285714285714
Puma Model-770,8.0,10.0,4.0,4.0,2.0,0.0,2.0,11.111111111111116,-19.999999999999996
Puma Model-773,6.0,4.0,2.0,7.0,-2.0,5.0,-7.0,-42.85714285714286,133.33333333333334
Puma Model-776,4.0,3.0,1.0,8.0,-1.0,7.0,-8.0,-40.0,300.0
Puma Model-785,5.0,6.0,3.0,11.0,1.0,8.0,-7.0,0.0,175.0
Puma Model-823,4.0,14.0,2.0,3.0,10.0,1.0,9.0,179.99999999999997,0.0
Puma Model-834,1.0,1.0,4.0,8.0,0.0,4.0,-4.0,-50.0,60.00000000000001
Puma Model-851,1.0,8.0,1.0,8.0,7.0,7.0,0.0,300.0,300.0
Puma Model-852,4.0,1.0,1.0,3.0,-3.0,2.0,-5.0,-80.0,50.0
Puma Model-854,3.0,3.0,6.0,11.0,0.0,5.0,-5.0,-25.0,57.14285714285714
Puma Model-857,2.0,7.0,4.0,9.0,5.0,5.0,0.0,133.33333333333334,80.0
Puma Model-867,3.0,2.0,2.0,11.0,-1.0,9.0,-10.0,-50.0,266.66666666666663
Puma Model-868,3.0,7.0,1.0,4.0,4.0,3.0,1.0,75.0,100.0
Puma Model-882,4.0,4.0,4.0,1.0,0.0,-3.0,3.0,-19.999999999999996,-80.0
Puma Model-883,5.0,11.0,2.0,8.0,6.0,6.0,0.0,83.33333333333333,166.66666666666666
Puma Model-901,2.0,10.0,2.0,2.0,8.0,0.0,8.0,233.33333333333334,-33.333333333333336
Puma Model-906,3.0,1.0,1.0,6.0,-2.0,5.0,-7.0,-75.0,200.0
Puma Model-914,4.0,8.0,3.0,4.0,4.0,1.0,3.0,60.00000000000001,0.0
Puma Model-924,2.0,5.0,2.0,4.0,3.0,2.0,1.0,66.66666666666667,33.33333333333333
Puma Model-927,2.0,7.0,2.0,4.0,5.0,2.0,3.0,133.33333333333334,33.33333333333333
Puma Model-941,1.0,7.0,7.0,7.0,6.0,0.0,6.0,250.0,-12.5
Puma Model-945,2.0,2.0,3.0,4.0,0.0,1.0,-1.0,-33.333333333333336,0.0
Puma Model-947,1.0,13.0,4.0,11.0,12.0,7.0,5.0,550.0,120.00000000000001
Puma Model-951,6.0,12.0,1.0,12.0,6.0,11.0,-5.0,71.42857142857142,500.0
Puma Model-958,2.0,3.0,2.0,4.0,1.0,2.0,-1.0,0.0,33.33333333333333
Puma Model-967,3.0,8.0,3.0,4.0,5.0,1.0,4.0,100.0,0.0
Puma Model-972,3.0,3.0,3.0,25.0,0.0,22.0,-22.0,-25.0,525.0
Puma Model-979,2.0,7.0,6.0,9.0,5.0,3.0,2.0,133.33333333333334,28.57142857142858
Puma Model-982,1.0,1.0,1.0,10.0,0.0,9.0,-9.0,-50.0,400.0
Puma Model-997,3.0,5.0,1.0,1.0,2.0,0.0,2.0,25.0,-50.0
Reebok Model-100,4.0,1.0,2.0,7.0,-3.0,5.0,-8.0,-80.0,133.33333333333334
Reebok Model-102,4.0,11.0,3.0,4.0,7.0,1.0,6.0,120.00000000000001,0.0
Reebok Model-104,4.0,2.0,3.0,8.0,-2.0,5.0,-7.0,-60.0,100.0
Reebok Model-106,3.0,7.0,9.0,4.0,4.0,-5.0,9.0,75.0,-60.0
Reebok Model-122,7.0,6.0,1.0,6.0,-1.0,5.0,-6.0,-25.0,200.0
Reebok Model-127,1.0,3.0,4.0,7.0,2.0,3.0,-1.0,50.0,39.99999999999999
Reebok Model-133,2.0,3.0,4.0,2.0,1.0,-2.0,3.0,0.0,-60.0
Reebok Model-183,3.0,4.0,7.0,4.0,1.0,-3.0,4.0,0.0,-50.0
Reebok Model-187,1.0,5.0,2.0,12.0,4.0,10.0,-6.0,150.0,300.0
Reebok Model-188,6.0,5.0,6.0,9.0,-1.0,3.0,-4.0,-28.57142857142857,28.57142857142858
Reebok Model-219,2.0,9.0,1.0,12.0,7.0,11.0,-4.0,200.0,500.0
Reebok Model-222,1.0,9.0,3.0,16.0,8.0,13.0,-5.0,350.0,300.0
Reebok Model-224,5.0,6.0,3.0,5.0,1.0,2.0,-1.0,0.0,25.0
Reebok Model-248,3.0,6.0,7.0,1.0,3.0,-6.0,9.0,50.0,-87.5
Reebok Model-251,10.0,4.0,1.0,4.0,-6.0,3.0,-9.0,-63.63636363636363,100.0
Reebok Model-254,2.0,3.0,1.0,7.0,1.0,6.0,-5.0,0.0,250.0
Reebok Model-256,2.0,11.0,2.0,9.0,9.0,7.0,2.0,266.66666666666663,200.0
Reebok Model-259,4.0,11.0,2.0,5.0,7.0,3.0,4.0,120.00000000000001,66.66666666666667
Reebok Model-261,1.0,14.0,1.0,8.0,13.0,7.0,6.0,600.0,300.0
Reebok Model-276,2.0,4.0,1.0,7.0,2.0,6.0,-4.0,33.33333333333333,250.0
Reebok Model-283,2.0,4.0,4.0,5.0,2.0,1.0,1.0,33.33333333333333,0.0
Reebok Model-292,3.0,2.0,2.0,11.0,-1.0,9.0,-10.0,-50.0,266.66666666666663
Reebok Model-313,3.0,2.0,1.0,4.0,-1.0,3.0,-4.0,-50.0,100.0
Reebok Model-319,4.0,4.0,2.0,7.0,0.0,5.0,-5.0,-19.999999999999996,133.33333333333334
Reebok Model-333,8.0,8.0,3.0,7.0,0.0,4.0,-4.0,-11.111111111111116,75.0
Reebok Model-341,2.0,8.0,2.0,5.0,6.0,3.0,3.0,166.66666666666666,66.66666666666667
Reebok Model-349,4.0,7.0,2.0,4.0,3.0,2.0,1.0,39.99999999999999,33.33333333333333
Reebok Model-350,6.0,6.0,5.0,4.0,0.0,-1.0,1.0,-14.28571428571429,-33.333333333333336
Reebok Model-353,3.0,6.0,4.0,10.0,3.0,6.0,-3.0,50.0,100.0
Reebok Model-357,3.0,2.0,2.0,11.0,-1.0,9.0,-10.0,-50.0,266.66666666666663
Reebok Model-362,3.0,12.0,4.0,6.0,9.0,2.0,7.0,200.0,19.999999999999996
Reebok Model-363,3.0,12.0,4.0,2.0,9.0,-2.0,11.0,200.0,-60.0
Reebok Model-386,4.0,2.0,3.0,7.0,-2.0,4.0,-6.0,-60.0,75.0
Reebok Model-387,7.0,4.0,7.0,3.0,-3.0,-4.0,1.0,-50.0,-62.5
Reebok Model-395,2.0,2.0,1.0,8.0,0.0,7.0,-7.0,-33.333333333333336,300.0
Reebok Model-404,5.0,1.0,4.0,3.0,-4.0,-1.0,-3.0,-83.33333333333334,-40.0
Reebok Model-410,2.0,6.0,4.0,10.0,4.0,6.0,-2.0,100.0,100.0
Reebok Model-421,2.0,7.0,1.0,1.0,5.0,0.0,5.0,133.33333333333334,-50.0
Reebok Model-427,5.0,3.0,3.0,10.0,-2.0,7.0,-9.0,-50.0,150.0
Reebok Model-433,5.0,7.0,3.0,12.0,2.0,9.0,-7.0,16.666666666666675,200.0
Reebok Model-476,5.0,3.0,4.0,3.0,-2.0,-1.0,-1.0,-50.0,-40.0
Reebok Model-478,3.0,4.0,3.0,8.0,1.0,5.0,-4.0,0.0,100.0
Reebok Model-487,3.0,10.0,2.0,3.0,7.0,1.0,6.0,150.0,0.0
Reebok Model-511,3.0,5.0,1.0,10.0,2.0,9.0,-7.0,25.0,400.0
Reebok Model-515,2.0,4.0,1.0,7.0,2.0,6.0,-4.0,33.33333333333333,250.0
Reebok Model-521,2.0,5.0,12.0,9.0,3.0,-3.0,6.0,66.66666666666667,-30.76923076923077
Reebok Model-527,3.0,6.0,12.0,15.0,3.0,3.0,0.0,50.0,15.384615384615374
Reebok Model-530,1.0,1.0,3.0,1.0,0.0,-2.0,2.0,-50.0,-75.0
Reebok Model-544,2.0,9.0,1.0,6.0,7.0,5.0,2.0,200.0,200.0
Reebok Model-560,3.0,11.0,1.0,5.0,8.0,4.0,4.0,175.0,150.0
Reebok Model-574,1.0,2.0,7.0,8.0,1.0,1.0,0.0,0.0,0.0
Reebok Model-578,4.0,10.0,1.0,2.0,6.0,1.0,5.0,100.0,0.0
Reebok Model-590,3.0,7.0,2.0,4.0,4.0,2.0,2.0,75.0,33.33333333333333
Reebok Model-596,2.0,2.0,1.0,7.0,0.0,6.0,-6.0,-33.333333333333336,250.0
Reebok Model-605,2.0,5.0,1.0,2.0,3.0,1.0,2.0,66.66666666666667,0.0
Reebok Model-636,4.0,2.0,1.0,4.0,-2.0,3.0,-5.0,-60.0,100.0
Reebok Model-654,3.0,1.0,2.0,7.0,-2.0,5.0,-7.0,-75.0,133.33333333333334
Reebok Model-657,3.0,14.0,3.0,1.0,11.0,-2.0,13.0,250.0,-75.0
Reebok Model-669,3.0,9.0,4.0,8.0,6.0,4.0,2.0,125.0,60.00000000000001
Reebok Model-673,3.0,15.0,2.0,6.0,12.0,4.0,8.0,275.0,100.0
Reebok Model-674,3.0,2.0,3.0,5.0,-1.0,2.0,-3.0,-50.0,25.0
Reebok Model-700,2.0,5.0,3.0,9.0,3.0,6.0,-3.0,66.66666666666667,125.0
Reebok Model-713,4.0,5.0,1.0,13.0,1.0,12.0,-11.0,0.0,550.0
Reebok Model-719,3.0,3.0,2.0,10.0,0.0,8.0,-8.0,-25.0,233.33333333333334
Reebok Model-746,4.0,6.0,3.0,10.0,2.0,7.0,-5.0,19.999999999999996,150.0
Reebok Model-751,2.0,4.0,1.0,4.0,2.0,3.0,-1.0,33.33333333333333,100.0
Reebok Model-753,4.0,4.0,3.0,9.0,0.0,6.0,-6.0,-19.999999999999996,125.0
Reebok Model-754,4.0,15.0,1.0,13.0,11.0,12.0,-1.0,200.0,550.0
Reebok Model-757,3.0,5.0,2.0,1.0,2.0,-1.0,3.0,25.0,-66.66666666666667
Reebok Model-788,4.0,4.0,4.0,8.0,0.0,4.0,-4.0,-19.999999999999996,60.00000000000001
Reebok Model-820,3.0,5.0,5.0,7.0,2.0,2.0,0.0,25.0,16.666666666666675
Reebok Model-834,1.0,7.0,2.0,4.0,6.0,2.0,4.0,250.0,33.33333333333333
Reebok Model-859,3.0,6.0,2.0,5.0,3.0,3.0,0.0,50.0,66.66666666666667
Reebok Model-860,2.0,3.0,4.0,20.0,1.0,16.0,-15.0,0.0,300.0
Reebok Model-876,1.0,14.0,3.0,11.0,13.0,8.0,5.0,600.0,175.0
Reebok Model-883,2.0,5.0,3.0,3.0,3.0,0.0,3.0,66.66666666666667,-25.0
Reebok Model-884,3.0,11.0,1.0,18.0,8.0,17.0,-9.0,175.0,800.0
Reebok Model-929,3.0,11.0,4.0,9.0,8.0,5.0,3.0,175.0,80.0
Reebok Model-940,6.0,16.0,3.0,5.0,10.0,2.0,8.0,128.57142857142856,25.0
Reebok Model-948,3.0,3.0,2.0,5.0,0.0,3.0,-3.0,-25.0,66.66666666666667
Reebok Model-990,4.0,4.0,1.0,7.0,0.0,6.0,-6.0,-19.999999999999996,250.0
